id;subject;content;post_date
1;a Wooden;Borders violet feed;2023-05-23
2;Quality-focused index FTP;Fantastic sensor Fresh;2023-05-23
3;bricks-and-clicks;Érythrée Saint-Denis Fantastic;2023-05-24
4;Nakfa;Outdoors a c;2023-05-24
5;online;Picardie Plastic strategize;2023-05-24
6;Ergonomic virtual b;virtual;2023-05-23
7;Checking;initiatives pixel hacking;2023-05-23
8;Bermudian Table;Grocery Rustic;2023-05-24
9;Handcrafted Jamaïque Savings;Irlande azure;2023-05-24
10;Serbie Litas;budgetary multi-state;2023-05-23
