id;titre;description
1;grid-enabled dot-com;../fake-data/blob/hipster.txt
2;Grenade withdrawal;../fake-data/blob/hipster.txt
3;Languedoc-Roussillon;../fake-data/blob/hipster.txt
4;standardization;../fake-data/blob/hipster.txt
5;Oberkampf Metal;../fake-data/blob/hipster.txt
6;Charlemagne Guin√©e-Bissau Venezuela;../fake-data/blob/hipster.txt
7;Belgique Towels Re-contextualized;../fake-data/blob/hipster.txt
8;Multi-lateral;../fake-data/blob/hipster.txt
9;project supply-chains;../fake-data/blob/hipster.txt
10;a aXX;../fake-data/blob/hipster.txt
